{
    "confusion_matrix": [
        [
            22571,
            458
        ],
        [
            21,
            1378
        ]
    ],
    "accuracy": 0.9803913541837236,
    "precision": 0.7505446623093682,
    "recall": 0.9849892780557541,
    "f1_score": 0.8519319938176197,
    "roc_auc": 0.9981304922087392
}