{
    "confusion_matrix": [
        [
            22955,
            180
        ],
        [
            664,
            629
        ]
    ],
    "accuracy": 0.9654494841984608,
    "precision": 0.7775030902348579,
    "recall": 0.48646558391337974,
    "f1_score": 0.5984776403425309,
    "roc_auc": 0.9578746157051544
}